author,authorLabel,birthDate,deathDate,countryLabel,mainWorkLabel,mainWork_missing,sitelink
http://www.wikidata.org/entity/Q99578897,María Antonia de Río y Arnedo,1775-01-01T00:00:00Z,1815-01-01T00:00:00Z,España,,yes,
http://www.wikidata.org/entity/Q5491433,Frasquita Larrea,1775-12-24T00:00:00Z,1838-08-24T00:00:00Z,España,,yes,https://es.wikipedia.org/wiki/Frasquita_Larrea
http://www.wikidata.org/entity/Q8201097,Antonia Gutiérrez Bueno,1781-01-17T00:00:00Z,1874-04-06T00:00:00Z,España,,yes,https://es.wikipedia.org/wiki/Antonia_Guti%C3%A9rrez_Bueno
http://www.wikidata.org/entity/Q11705052,Vicenta Moguel,1782-06-06T00:00:00Z,1854-09-29T00:00:00Z,España,Ipui onac,,https://es.wikipedia.org/wiki/Vicenta_Moguel
http://www.wikidata.org/entity/Q12263218,María del Pilar Acedo y Sarria,1784-01-01T00:00:00Z,1869-02-27T00:00:00Z,España,,yes,https://es.wikipedia.org/wiki/Mar%C3%ADa_del_Pilar_Acedo_y_Sarri%C3%A1
http://www.wikidata.org/entity/Q5997059,Margarita López de Morla y Virués de Segovia,1788-07-03T00:00:00Z,1850-01-01T00:00:00Z,España,,yes,https://es.wikipedia.org/wiki/Margarita_L%C3%B3pez_de_Morla_y_Viru%C3%A9s
http://www.wikidata.org/entity/Q19458508,María Guadalupe Cuenca de Moreno,1790-01-01T00:00:00Z,1854-09-01T00:00:00Z,Bolivia,,yes,https://es.wikipedia.org/wiki/Mar%C3%ADa_Guadalupe_Cuenca
http://www.wikidata.org/entity/Q20005652,Maria Agnès Ribera Garau,1790-01-01T00:00:00Z,1861-11-22T00:00:00Z,España,,yes,https://es.wikipedia.org/wiki/Maria_Agn%C3%A8s_Ribera_Garau
http://www.wikidata.org/entity/Q116831668,Luisa Sáenz de Viniegra,1792-01-01T00:00:00Z,1865-01-01T00:00:00Z,España,,yes,https://es.wikipedia.org/wiki/Luisa_Carlota_S%C3%A1enz_de_Viniegra
http://www.wikidata.org/entity/Q134676741,Patricia Gayán,1792-09-22T00:00:00Z,,España,,yes,
http://www.wikidata.org/entity/Q6160970,Vicenta Maturana,1793-07-06T00:00:00Z,1859-05-15T00:00:00Z,España,,yes,https://es.wikipedia.org/wiki/Vicenta_Maturana
http://www.wikidata.org/entity/Q108560601,Josefa Gordon de Jove,1796-01-01T00:00:00Z,1850-01-01T00:00:00Z,,,yes,
http://www.wikidata.org/entity/Q6782028,María Josefa García Granados,1796-07-10T00:00:00Z,1848-07-28T00:00:00Z,Guatemala,,yes,https://es.wikipedia.org/wiki/Mar%C3%ADa_Josefa_Garc%C3%ADa_Granados
http://www.wikidata.org/entity/Q291397,Fernán Caballero,1796-12-24T00:00:00Z,1877-04-07T00:00:00Z,España,La familia de Alvareda: Novela de costumbres populares,,https://es.wikipedia.org/wiki/Fern%C3%A1n_Caballero
http://www.wikidata.org/entity/Q16601458,María Manuela López de Ulloa,1800-01-01T00:00:00Z,1900-01-01T00:00:00Z,España,,yes,https://es.wikipedia.org/wiki/Mar%C3%ADa_Manuela_L%C3%B3pez_de_Ulloa
http://www.wikidata.org/entity/Q9030069,María Larraín de Vicuña,1801-01-01T00:00:00Z,1928-09-23T00:00:00Z,Chile,,yes,https://es.wikipedia.org/wiki/Mar%C3%ADa_Larra%C3%ADn_de_Vicu%C3%B1a
http://www.wikidata.org/entity/Q135089377,Justa García Robledo,1801-01-01T00:00:00Z,http://www.wikidata.org/.well-known/genid/818772cc21a23e4316a814f16116b43c,Perú,,yes,https://es.wikipedia.org/wiki/Justa_Garc%C3%ADa_Robledo
http://www.wikidata.org/entity/Q114774387,Walda Lucenqui de Pimentel,1801-01-01T00:00:00Z,,España,,yes,https://es.wikipedia.org/wiki/Walda_Lucenqui
http://www.wikidata.org/entity/Q502284,María Josefa Acevedo de Gómez,1803-01-23T00:00:00Z,1861-01-19T00:00:00Z,Colombia,,yes,https://es.wikipedia.org/wiki/Mar%C3%ADa_Josefa_Acevedo_de_G%C3%B3mez
http://www.wikidata.org/entity/Q1571996,Mercedes Marín del Solar,1804-09-11T00:00:00Z,1866-12-21T00:00:00Z,Chile,,yes,https://es.wikipedia.org/wiki/Mercedes_Mar%C3%ADn_del_Solar
http://www.wikidata.org/entity/Q5946701,Juana de Vega,1805-03-07T00:00:00Z,1872-06-22T00:00:00Z,España,Memorias de la condesa de Espoz y Mina,,https://es.wikipedia.org/wiki/Juana_de_Vega
http://www.wikidata.org/entity/Q5752445,Carmen Arriagada,1807-01-01T00:00:00Z,1900-06-16T00:00:00Z,Chile,,yes,https://es.wikipedia.org/wiki/Carmen_Arriagada
http://www.wikidata.org/entity/Q5850682,Eulalia de Llanos,1809-01-01T00:00:00Z,1865-01-01T00:00:00Z,España,,yes,https://es.wikipedia.org/wiki/Eulalia_de_Llanos
http://www.wikidata.org/entity/Q27268309,Ángela Mazzini Bricala,1809-01-01T00:00:00Z,1894-01-01T00:00:00Z,España,,yes,https://es.wikipedia.org/wiki/%C3%81ngela_Mazzini_Bricala
http://www.wikidata.org/entity/Q28950269,Nicolasa Añón Paz,1810-02-28T00:00:00Z,1887-11-01T00:00:00Z,España,,yes,https://es.wikipedia.org/wiki/Nicolasa_A%C3%B1%C3%B3n
http://www.wikidata.org/entity/Q3604796,María Josefa Massanés,1811-03-19T00:00:00Z,1887-07-01T00:00:00Z,España,,yes,https://es.wikipedia.org/wiki/Mar%C3%ADa_Josefa_Massan%C3%A9s
http://www.wikidata.org/entity/Q6004015,María Josefa Mujía,1812-01-01T00:00:00Z,1888-07-30T00:00:00Z,Bolivia,,yes,https://es.wikipedia.org/wiki/Mar%C3%ADa_Josefa_Mujia
http://www.wikidata.org/entity/Q4750435,Ana María Martínez de Nisser,1812-12-06T00:00:00Z,1872-09-18T00:00:00Z,Colombia,,yes,https://es.wikipedia.org/wiki/Ana_Mar%C3%ADa_Mart%C3%ADnez_de_Nisser
http://www.wikidata.org/entity/Q19447701,Joaquina López de Madariaga,1813-09-12T00:00:00Z,1876-10-06T00:00:00Z,España,,yes,https://es.wikipedia.org/wiki/Joaquina_L%C3%B3pez_de_Madariaga
http://www.wikidata.org/entity/Q283353,Gertrudis Gómez de Avellaneda,1814-03-23T00:00:00Z,1873-02-01T00:00:00Z,Imperio Español,Sab,,https://es.wikipedia.org/wiki/Gertrudis_G%C3%B3mez_de_Avellaneda
http://www.wikidata.org/entity/Q108514401,Indalecia Camacho,1815-01-01T00:00:00Z,1896-07-01T00:00:00Z,Colombia,,yes,https://es.wikipedia.org/wiki/Indalecia_Camacho
http://www.wikidata.org/entity/Q47491334,Sabina de Alvear y Ward,1815-11-08T00:00:00Z,1906-11-10T00:00:00Z,España,,yes,https://es.wikipedia.org/wiki/Sabina_de_Alvear_y_Ward
http://www.wikidata.org/entity/Q59215061,Vicenta García Miranda,1816-01-01T00:00:00Z,1877-01-01T00:00:00Z,España,,yes,https://es.wikipedia.org/wiki/Vicenta_Garc%C3%ADa_Miranda
http://www.wikidata.org/entity/Q21028344,Dolores Gómez de Cádiz,1818-12-25T00:00:00Z,http://www.wikidata.org/.well-known/genid/76647e2e897b5aa1939bfc9ad06998e8,España,,yes,https://es.wikipedia.org/wiki/Dolores_G%C3%B3mez_de_C%C3%A1diz
http://www.wikidata.org/entity/Q542700,Alejandrina Benítez de Gautier,1819-02-26T00:00:00Z,1879-10-11T00:00:00Z,Puerto Rico,,yes,https://es.wikipedia.org/wiki/Alejandrina_Ben%C3%ADtez_de_Gautier
http://www.wikidata.org/entity/Q1710713,Juana Manso,1819-06-26T00:00:00Z,1875-04-24T00:00:00Z,Argentina,La Revolucion de Mayo 1810,,https://es.wikipedia.org/wiki/Juana_Manso
http://www.wikidata.org/entity/Q671852,Concepción Arenal Ponte,1820-01-31T00:00:00Z,1893-02-04T00:00:00Z,España,,yes,https://es.wikipedia.org/wiki/Concepci%C3%B3n_Arenal
http://www.wikidata.org/entity/Q941605,Carolina Coronado,1820-12-12T00:00:00Z,1911-01-15T00:00:00Z,España,,yes,https://es.wikipedia.org/wiki/Carolina_Coronado
http://www.wikidata.org/entity/Q20534136,Virginia Felicia Auber,1821-01-01T00:00:00Z,1897-03-20T00:00:00Z,España,,yes,https://es.wikipedia.org/wiki/Virginia_Auber_Noya
http://www.wikidata.org/entity/Q23830064,Rosa Butler y Mendieta,1821-01-01T00:00:00Z,1889-01-01T00:00:00Z,España,,yes,https://es.wikipedia.org/wiki/Rosa_Butler_y_Mendieta
http://www.wikidata.org/entity/Q56547239,Manuela Cambronero,1821-02-12T00:00:00Z,1853-12-26T00:00:00Z,España,,yes,https://es.wikipedia.org/wiki/Manuela_Cambronero
http://www.wikidata.org/entity/Q6110207,Robustiana Armiño,1821-08-20T00:00:00Z,1890-06-17T00:00:00Z,España,,yes,https://es.wikipedia.org/wiki/Robustiana_Armi%C3%B1o
http://www.wikidata.org/entity/Q6004306,María Mendoza de Vives,1821-12-19T00:00:00Z,1894-02-21T00:00:00Z,España,,yes,https://es.wikipedia.org/wiki/Mar%C3%ADa_Mendoza_de_Vives
http://www.wikidata.org/entity/Q63435514,María Josefa Zapata,1822-01-01T00:00:00Z,1888-01-01T00:00:00Z,España,,yes,https://es.wikipedia.org/wiki/Mar%C3%ADa_Josefa_Zapata
http://www.wikidata.org/entity/Q4739407,Amalia de Llano,1822-04-29T00:00:00Z,1874-07-06T00:00:00Z,España,,yes,https://es.wikipedia.org/wiki/Amalia_de_Llano
http://www.wikidata.org/entity/Q30904855,Antonina Cortés Llanos,1823-01-17T00:00:00Z,1906-01-28T00:00:00Z,España,,yes,https://es.wikipedia.org/wiki/Antonina_Cort%C3%A9s_Llanos
http://www.wikidata.org/entity/Q5650072,Ángela Grassi,1823-08-02T00:00:00Z,1883-09-17T00:00:00Z,España,,yes,https://es.wikipedia.org/wiki/%C3%81ngela_Grassi
http://www.wikidata.org/entity/Q63952238,Agustina Palacio de Libarona,1825-02-01T00:00:00Z,1880-01-01T00:00:00Z,Argentina,,yes,https://es.wikipedia.org/wiki/Agustina_Palacio_de_Libarona
http://www.wikidata.org/entity/Q20100274,Amalia Fenollosa Peris,1825-02-08T00:00:00Z,1869-05-01T00:00:00Z,España,,yes,https://es.wikipedia.org/wiki/Amalia_Fenollosa
http://www.wikidata.org/entity/Q3284672,Avelina Valladares,1825-10-23T00:00:00Z,1902-03-17T00:00:00Z,España,,yes,https://es.wikipedia.org/wiki/Avelina_Valladares
http://www.wikidata.org/entity/Q80320814,María Concepción Saralegui Lorente,1825-12-05T00:00:00Z,1884-07-01T00:00:00Z,España,,yes,
http://www.wikidata.org/entity/Q100774211,Rosa Mercedes Riglos,1826-01-01T00:00:00Z,1891-01-01T00:00:00Z,Perú,,yes,https://es.wikipedia.org/wiki/Rosa_Mercedes_Riglos
http://www.wikidata.org/entity/Q5697567,Antonia Díaz Fernández de Lamarque,1827-01-01T00:00:00Z,1892-05-19T00:00:00Z,España,,yes,https://es.wikipedia.org/wiki/Antonia_D%C3%ADaz_Fern%C3%A1ndez_de_Lamarque
http://www.wikidata.org/entity/Q11954706,Victoria Penya de Amer,1827-03-28T00:00:00Z,1898-01-01T00:00:00Z,España,,yes,https://es.wikipedia.org/wiki/Vict%C3%B2ria_Pe%C3%B1a_i_Nicolau
http://www.wikidata.org/entity/Q16889097,Cipriana Álvarez Durán,1827-09-16T00:00:00Z,1904-08-09T00:00:00Z,España,,yes,https://es.wikipedia.org/wiki/Elena_Cipriana_%C3%81lvarez_Dur%C3%A1n
http://www.wikidata.org/entity/Q21666066,Teresa Arroniz y Bosch,1827-10-15T00:00:00Z,1890-04-01T00:00:00Z,España,,yes,https://es.wikipedia.org/wiki/Teresa_Arr%C3%B3niz_y_Bosch
http://www.wikidata.org/entity/Q20876489,Pilar Pascual de Sanjuán,1827-10-23T00:00:00Z,1899-02-18T00:00:00Z,España,,yes,https://es.wikipedia.org/wiki/Pilar_Pascual_de_Sanju%C3%A1n
http://www.wikidata.org/entity/Q6004354,María Nestora Téllez,1828-01-01T00:00:00Z,1890-01-01T00:00:00Z,México,,yes,https://es.wikipedia.org/wiki/Mar%C3%ADa_Nestora_T%C3%A9llez
http://www.wikidata.org/entity/Q20016241,Isabel Pesado de Mier,1828-01-01T00:00:00Z,1913-01-01T00:00:00Z,México,,yes,https://es.wikipedia.org/wiki/Isabel_Pesado_de_Mier
http://www.wikidata.org/entity/Q18987065,Rogelia León,1828-09-15T00:00:00Z,1870-05-01T00:00:00Z,España,,yes,https://es.wikipedia.org/wiki/Rogelia_Le%C3%B3n
http://www.wikidata.org/entity/Q55214868,Dolores Cabrera Heredia,1828-09-15T00:00:00Z,1899-12-01T00:00:00Z,España,,yes,https://es.wikipedia.org/wiki/Dolores_Cabrera_y_Heredia
http://www.wikidata.org/entity/Q5812615,Dolores Veintimilla,1829-01-01T00:00:00Z,1857-05-23T00:00:00Z,Ecuador,,yes,https://es.wikipedia.org/wiki/Dolores_Veintimilla
http://www.wikidata.org/entity/Q105754718,Carmen Febres-Cordero de Ballén,1829-01-01T00:00:00Z,1893-02-22T00:00:00Z,Ecuador,,yes,
http://www.wikidata.org/entity/Q54823842,Rosario Vázquez Angulo,1829-01-01T00:00:00Z,1915-01-01T00:00:00Z,España,,yes,https://es.wikipedia.org/wiki/Rosario_V%C3%A1zquez_Angulo
http://www.wikidata.org/entity/Q23009109,Sofía Tartilán,1829-04-19T00:00:00Z,1888-07-02T00:00:00Z,España,,yes,https://es.wikipedia.org/wiki/Sof%C3%ADa_Tartil%C3%A1n
http://www.wikidata.org/entity/Q5834031,Enriqueta Lozano,1829-08-18T00:00:00Z,1895-05-05T00:00:00Z,España,,yes,https://es.wikipedia.org/wiki/Enriqueta_Lozano
http://www.wikidata.org/entity/Q62463082,María Tadea Verdejo y Durán,1830-01-01T00:00:00Z,1854-01-01T00:00:00Z,España,,yes,https://es.wikipedia.org/wiki/Mar%C3%ADa_Tadea_Verdejo_y_Dur%C3%A1n
http://www.wikidata.org/entity/Q28916912,Marcelina Almeida,1830-01-01T00:00:00Z,1880-01-01T00:00:00Z,Argentina,,yes,https://es.wikipedia.org/wiki/Marcelina_Almeida
http://www.wikidata.org/entity/Q106777362,Vicenta Laparra de la Cerda,1831-04-01T00:00:00Z,1905-01-29T00:00:00Z,Guatemala,,yes,https://es.wikipedia.org/wiki/Vicenta_Laparra_de_la_Cerda
http://www.wikidata.org/entity/Q105754643,Ubaldina Dávila,1831-04-16T00:00:00Z,1900-08-11T00:00:00Z,Colombia,,yes,https://es.wikipedia.org/wiki/Ubaldina_D%C3%A1vila
http://www.wikidata.org/entity/Q16625530,Rita Lecumberri,1831-11-14T00:00:00Z,1910-12-23T00:00:00Z,Ecuador,,yes,https://es.wikipedia.org/wiki/Rita_Lecumberri
http://www.wikidata.org/entity/Q27267355,Encarnación Cubas Báez,1831-12-15T00:00:00Z,1915-03-28T00:00:00Z,España,,yes,https://es.wikipedia.org/wiki/Encarnaci%C3%B3n_Cubas_B%C3%A1ez
http://www.wikidata.org/entity/Q23903038,Ana María Franco Guevara,1832-01-01T00:00:00Z,1872-01-01T00:00:00Z,España,,yes,https://es.wikipedia.org/wiki/Ana_Mar%C3%ADa_Franco_Guevara
http://www.wikidata.org/entity/Q19690084,Modesta Sanginés Uriarte,1832-02-26T00:00:00Z,1887-02-05T00:00:00Z,Bolivia,,yes,https://es.wikipedia.org/wiki/Modesta_Sangin%C3%A9s_Uriarte
http://www.wikidata.org/entity/Q20870782,Úrsula Céspedes,1832-10-21T00:00:00Z,1874-11-02T00:00:00Z,Cuba,,yes,https://es.wikipedia.org/wiki/%C3%9Arsula_C%C3%A9spedes
http://www.wikidata.org/entity/Q43276430,Elisa Luján y Teruel,1833-01-01T00:00:00Z,1899-01-01T00:00:00Z,España,,yes,
http://www.wikidata.org/entity/Q17339922,Matilde Cherner,1833-01-01T00:00:00Z,1880-08-15T00:00:00Z,España,,yes,https://es.wikipedia.org/wiki/Matilde_Cherner
http://www.wikidata.org/entity/Q47450874,Martina Pierra de Poo,1833-02-08T00:00:00Z,1900-05-31T00:00:00Z,Cuba,,yes,
http://www.wikidata.org/entity/Q5920835,Isabel Prieto de Landázuri,1833-03-01T00:00:00Z,1876-09-28T00:00:00Z,España,,yes,https://es.wikipedia.org/wiki/Isabel_Prieto_de_Land%C3%A1zuri
http://www.wikidata.org/entity/Q4694177,Agripina Samper Agudelo,1833-03-04T00:00:00Z,1892-04-22T00:00:00Z,Colombia,,yes,https://es.wikipedia.org/wiki/Agripina_Samper_Agudelo
http://www.wikidata.org/entity/Q7557523,Soledad Acosta de Samper,1833-05-05T00:00:00Z,1913-03-17T00:00:00Z,Colombia,,yes,https://es.wikipedia.org/wiki/Soledad_Acosta_de_Samper
http://www.wikidata.org/entity/Q8561500,Dolores Guerrero,1833-09-15T00:00:00Z,1858-03-01T00:00:00Z,México,,yes,https://es.wikipedia.org/wiki/Dolores_Guerrero
http://www.wikidata.org/entity/Q5856765,Faustina Sáez de Melgar,1834-01-01T00:00:00Z,1895-03-19T00:00:00Z,España,,yes,https://es.wikipedia.org/wiki/Faustina_S%C3%A1ez_de_Melgar
http://www.wikidata.org/entity/Q5931656,Joaquina Vera,1834-01-01T00:00:00Z,1873-01-01T00:00:00Z,España,,yes,https://es.wikipedia.org/wiki/Joaquina_Vera
http://www.wikidata.org/entity/Q5830843,Emilia Serrano de Wilson,1834-01-03T00:00:00Z,1923-01-01T00:00:00Z,España,,yes,https://es.wikipedia.org/wiki/Emilia_Serrano_de_Wilson
http://www.wikidata.org/entity/Q20016623,Teresa Vera,1834-04-01T00:00:00Z,1859-05-29T00:00:00Z,México,,yes,https://es.wikipedia.org/wiki/Teresa_Vera
http://www.wikidata.org/entity/Q42381239,Matilde Artagaveytia de Arocena,1834-04-07T00:00:00Z,1917-03-02T00:00:00Z,Uruguay,,yes,
http://www.wikidata.org/entity/Q16493989,Maipina de la Barra,1834-04-15T00:00:00Z,1904-09-02T00:00:00Z,Chile,,yes,https://es.wikipedia.org/wiki/Maipina_de_la_Barra
http://www.wikidata.org/entity/Q18980386,Emilia Álvarez Mijares de Real,1834-09-13T00:00:00Z,1909-06-25T00:00:00Z,España,,yes,https://es.wikipedia.org/wiki/Emilia_%C3%81lvarez_Mijares_del_Real
http://www.wikidata.org/entity/Q1290763,Eduarda Mansilla,1834-12-11T00:00:00Z,1892-12-20T00:00:00Z,Argentina,,yes,https://es.wikipedia.org/wiki/Eduarda_Mansilla
http://www.wikidata.org/entity/Q6010800,Mercedes Belzú de Dorado,1835-01-01T00:00:00Z,1880-01-01T00:00:00Z,Bolivia,,yes,https://es.wikipedia.org/wiki/Mercedes_Belzu
http://www.wikidata.org/entity/Q113908140,Mariana Monteiro,1835-01-01T00:00:00Z,1909-03-07T00:00:00Z,Reino de España (1700-1873),,yes,
http://www.wikidata.org/entity/Q5780886,Concepción Lombardo,1835-11-08T00:00:00Z,1921-03-18T00:00:00Z,México,,yes,https://es.wikipedia.org/wiki/Concepci%C3%B3n_Lombardo
http://www.wikidata.org/entity/Q9609556,Amalia Domingo Soler,1835-11-10T00:00:00Z,1909-04-29T00:00:00Z,España,,yes,https://es.wikipedia.org/wiki/Amalia_Domingo_Soler
http://www.wikidata.org/entity/Q18416349,María del Pilar Sinués,1835-12-19T00:00:00Z,1893-11-20T00:00:00Z,España,,yes,https://es.wikipedia.org/wiki/Mar%C3%ADa_del_Pilar_Sinu%C3%A9s
http://www.wikidata.org/entity/Q10854314,Amelia Solar de Claro,1836-01-01T00:00:00Z,1915-01-01T00:00:00Z,Chile,,yes,https://es.wikipedia.org/wiki/Amelia_Solar_de_Claro
http://www.wikidata.org/entity/Q5711938,Aurelia Vélez Sársfield,1836-06-08T00:00:00Z,1924-12-06T00:00:00Z,Argentina,,yes,https://es.wikipedia.org/wiki/Aurelia_V%C3%A9lez_S%C3%A1rsfield
http://www.wikidata.org/entity/Q9086125,Teresa González de Fanning,1836-08-12T00:00:00Z,1918-04-07T00:00:00Z,Perú,,yes,https://es.wikipedia.org/wiki/Teresa_Gonz%C3%A1lez_de_Fanning
http://www.wikidata.org/entity/Q5672312,Amelia Denis de Icaza,1836-11-28T00:00:00Z,1911-07-16T00:00:00Z,Panamá,,yes,https://es.wikipedia.org/wiki/Amelia_Denis_de_Icaza
http://www.wikidata.org/entity/Q5812607,Dolores Sucre,1837-01-01T00:00:00Z,1917-06-05T00:00:00Z,Ecuador,,yes,https://es.wikipedia.org/wiki/Dolores_Sucre
http://www.wikidata.org/entity/Q5931650,Joaquina García Balmaseda,1837-01-01T00:00:00Z,1911-04-12T00:00:00Z,España,,yes,https://es.wikipedia.org/wiki/Joaquina_Garc%C3%ADa_Balmaseda
http://www.wikidata.org/entity/Q11926870,Isabel de Villamartín Thomas,1837-01-01T00:00:00Z,1877-10-01T00:00:00Z,España,,yes,https://es.wikipedia.org/wiki/Isabel_de_Villamart%C3%ADn_Thomas
http://www.wikidata.org/entity/Q5830823,Emilia Calé y Torres de Quintero,1837-02-12T00:00:00Z,1908-09-18T00:00:00Z,España,,yes,https://es.wikipedia.org/wiki/Emilia_Cal%C3%A9
http://www.wikidata.org/entity/Q464264,Rosalía de Castro,1837-02-23T00:00:00Z,1885-07-22T00:00:00Z,España,Lieders,,https://es.wikipedia.org/wiki/Rosal%C3%ADa_de_Castro
http://www.wikidata.org/entity/Q24192200,Josefa Estévez García del Canto,1837-09-10T00:00:00Z,1890-01-01T00:00:00Z,España,,yes,https://es.wikipedia.org/wiki/Josefa_Est%C3%A9vez_Garc%C3%ADa_del_Canto
http://www.wikidata.org/entity/Q6038496,Natalia Palacios,1837-12-02T00:00:00Z,1918-01-01T00:00:00Z,Bolivia,,yes,https://es.wikipedia.org/wiki/Natalia_Palacios
http://www.wikidata.org/entity/Q9065450,Quiteria Varas Marín,1838-01-01T00:00:00Z,1886-01-01T00:00:00Z,Chile,,yes,https://es.wikipedia.org/wiki/Quiteria_Varas_Mar%C3%ADn
http://www.wikidata.org/entity/Q20005621,Margalida Caimari Vila,1839-01-01T00:00:00Z,1921-01-01T00:00:00Z,España,,yes,https://es.wikipedia.org/wiki/Margalida_Caimari_Vila
http://www.wikidata.org/entity/Q6077590,Isabel Cheix,1839-01-18T00:00:00Z,1909-08-06T00:00:00Z,España,,yes,https://es.wikipedia.org/wiki/Isabel_Cheix
http://www.wikidata.org/entity/Q105754832,Leonor Sauri Santisteban,1840-01-01T00:00:00Z,1890-01-01T00:00:00Z,Perú,,yes,https://es.wikipedia.org/wiki/Leonor_Sauri_Santisteban
http://www.wikidata.org/entity/Q108603016,Mercedes Hurtado de Álvarez,1840-01-01T00:00:00Z,1890-01-01T00:00:00Z,Colombia,,yes,https://es.wikipedia.org/wiki/Mercedes_Hurtado_de_%C3%81lvarez
http://www.wikidata.org/entity/Q5994917,Manuela Villarán de Plasencia,1840-01-01T00:00:00Z,1888-01-01T00:00:00Z,Perú,,yes,https://es.wikipedia.org/wiki/Manuela_Villar%C3%A1n_de_Plasencia
http://www.wikidata.org/entity/Q55188201,Margarita Pérez de Celis,1840-01-01T00:00:00Z,1882-01-01T00:00:00Z,España,,yes,https://es.wikipedia.org/wiki/Margarita_P%C3%A9rez_de_Celis
http://www.wikidata.org/entity/Q105754868,Carmen Potts Pérez de Uribe,1841-01-01T00:00:00Z,1890-09-17T00:00:00Z,Perú,,yes,https://es.wikipedia.org/wiki/Carmen_Potts
http://www.wikidata.org/entity/Q108536683,Pomiana Camacho de Figueredo,1841-01-01T00:00:00Z,1889-03-21T00:00:00Z,Colombia,,yes,https://es.wikipedia.org/wiki/Pomiana_Camacho_de_Figueredo
http://www.wikidata.org/entity/Q108598001,Lucrecia Undurraga Solar,1841-01-01T00:00:00Z,1901-01-01T00:00:00Z,Chile,,yes,https://es.wikipedia.org/wiki/Lucrecia_Undurraga_Solar
http://www.wikidata.org/entity/Q108202654,María del Carmen Cortés y Santa Anna,1841-03-16T00:00:00Z,1872-04-14T00:00:00Z,México,,yes,https://es.wikipedia.org/wiki/Mar%C3%ADa_del_Carmen_Cort%C3%A9s_y_Santa_Anna
http://www.wikidata.org/entity/Q11935506,María del Pilar Maspons i Labrós,1841-12-04T00:00:00Z,1907-01-31T00:00:00Z,España,,yes,https://es.wikipedia.org/wiki/Mar%C3%ADa_del_Pilar_Maspons_y_Labr%C3%B3s
http://www.wikidata.org/entity/Q5711933,Aurelia Castillo de González,1842-01-01T00:00:00Z,1920-01-01T00:00:00Z,Cuba,,yes,https://es.wikipedia.org/wiki/Aurelia_Castillo_de_Gonz%C3%A1lez
http://www.wikidata.org/entity/Q5849416,Esther Tapia de Castellanos,1842-05-09T00:00:00Z,1897-01-08T00:00:00Z,México,,yes,https://es.wikipedia.org/wiki/Esther_Tapia_de_Castellanos
http://www.wikidata.org/entity/Q108508651,Eufemia Cabrera de Borda,1842-09-03T00:00:00Z,1915-01-14T00:00:00Z,Colombia,,yes,https://es.wikipedia.org/wiki/Eufemia_Cabrera_de_Borda
http://www.wikidata.org/entity/Q8960839,Fanny Garrido,1842-10-30T00:00:00Z,1917-11-11T00:00:00Z,España,,yes,https://es.wikipedia.org/wiki/Fanny_Garrido
http://www.wikidata.org/entity/Q6103598,Refugio Barragán de Toscano,1843-02-28T00:00:00Z,1916-10-22T00:00:00Z,México,,yes,https://es.wikipedia.org/wiki/Refugio_Barrag%C3%A1n_de_Toscano
http://www.wikidata.org/entity/Q11936207,Matilde Ridocci García,1843-09-12T00:00:00Z,1922-07-24T00:00:00Z,España,,yes,https://es.wikipedia.org/wiki/Matilde_Ridocci_Garc%C3%ADa
http://www.wikidata.org/entity/Q274202,Lola Rodríguez de Tió,1843-09-14T00:00:00Z,1924-11-10T00:00:00Z,Puerto Rico,,yes,https://es.wikipedia.org/wiki/Lola_Rodr%C3%ADguez_de_Ti%C3%B3
http://www.wikidata.org/entity/Q105754860,Manuela Antonia Márquez,1844-01-01T00:00:00Z,1890-01-01T00:00:00Z,Perú,,yes,https://es.wikipedia.org/wiki/Manuela_Antonia_M%C3%A1rquez
http://www.wikidata.org/entity/Q108764054,Antonia Esteller,1844-01-01T00:00:00Z,1930-01-01T00:00:00Z,Venezuela,,yes,https://es.wikipedia.org/wiki/Antonia_Esteller
http://www.wikidata.org/entity/Q15714773,Carolina Freyre,1844-01-01T00:00:00Z,1916-01-01T00:00:00Z,Perú,,yes,https://es.wikipedia.org/wiki/Carolina_Freyre
http://www.wikidata.org/entity/Q10849947,Agripina Montes del Valle,1844-01-01T00:00:00Z,1912-01-01T00:00:00Z,Colombia,,yes,https://es.wikipedia.org/wiki/Agripina_Montes_del_Valle
http://www.wikidata.org/entity/Q19519693,Lucia Bulnes de Vergara,1844-01-01T00:00:00Z,1932-01-01T00:00:00Z,Chile,,yes,
http://www.wikidata.org/entity/Q5763783,Cesarina Bento Montesinos,1844-01-29T00:00:00Z,1910-06-10T00:00:00Z,España,,yes,https://es.wikipedia.org/wiki/Cesarina_Bento_Montesinos
http://www.wikidata.org/entity/Q543726,Mercedes Cabello,1845-02-07T00:00:00Z,1909-10-12T00:00:00Z,Perú,Blanca Sol,,https://es.wikipedia.org/wiki/Mercedes_Cabello_de_Carbonera
http://www.wikidata.org/entity/Q61917151,Isabel Bunch de Cortés,1845-04-24T00:00:00Z,1921-01-01T00:00:00Z,Colombia,Siempre,,https://es.wikipedia.org/wiki/Isabel_Bunch_de_Cort%C3%A9s
http://www.wikidata.org/entity/Q20005478,Manuela de los Herreros Sorà,1845-06-10T00:00:00Z,1911-04-29T00:00:00Z,España,,yes,https://es.wikipedia.org/wiki/Manuela_de_los_Herreros_Sor%C3%A0
http://www.wikidata.org/entity/Q10418211,Dolors Monserdà i Vidal,1845-07-10T00:00:00Z,1919-03-31T00:00:00Z,España,,yes,https://es.wikipedia.org/wiki/Dolors_Monserd%C3%A0
http://www.wikidata.org/entity/Q18980531,Alejandrina Argüelles Toral y Hevia,1845-09-20T00:00:00Z,1860-04-05T00:00:00Z,España,Ensayos poéticos de la señorita doña Alejandrina Arguelles Toral y Hevia,,https://es.wikipedia.org/wiki/Alejandrina_Arg%C3%BCelles_Toral_y_Hevia
http://www.wikidata.org/entity/Q23942869,Dorila Castell de Orozco,1845-12-08T00:00:00Z,1930-09-20T00:00:00Z,Uruguay,,yes,https://es.wikipedia.org/wiki/Dorila_Castell_de_Orozco
http://www.wikidata.org/entity/Q130380628,Rosa Carreto,1846-01-01T00:00:00Z,1899-01-01T00:00:00Z,México,,yes,https://es.wikipedia.org/wiki/Rosa_Carreto
http://www.wikidata.org/entity/Q18335792,Laureana Wright de Kleinhas,1846-01-01T00:00:00Z,1896-01-01T00:00:00Z,México,,yes,https://es.wikipedia.org/wiki/Laureana_Wright_de_Kleinhans
http://www.wikidata.org/entity/Q44720123,Cristina Farfán,1846-01-24T00:00:00Z,1880-08-22T00:00:00Z,México,,yes,https://es.wikipedia.org/wiki/Cristina_Farf%C3%A1n
http://www.wikidata.org/entity/Q5976684,Lindaura Anzoátegui Campero,1846-03-31T00:00:00Z,1898-06-25T00:00:00Z,Bolivia,,yes,https://es.wikipedia.org/wiki/Lindaura_Anzo%C3%A1tegui_Campero
http://www.wikidata.org/entity/Q6109120,Rita Cetina Gutiérrez,1846-05-22T00:00:00Z,1908-10-11T00:00:00Z,México,,yes,https://es.wikipedia.org/wiki/Rita_Cetina_Guti%C3%A9rrez
http://www.wikidata.org/entity/Q22205383,Blanca de Gassó y Ortiz,1846-11-26T00:00:00Z,1877-04-15T00:00:00Z,España,,yes,https://es.wikipedia.org/wiki/Blanca_de_Gass%C3%B3_y_Ortiz
http://www.wikidata.org/entity/Q59154888,Camelia Cociña de Llansó,1847-01-01T00:00:00Z,2000-01-01T00:00:00Z,España,,yes,
http://www.wikidata.org/entity/Q16492064,Domitila García de Coronado,1847-05-07T00:00:00Z,1937-09-18T00:00:00Z,Cuba,,yes,https://es.wikipedia.org/wiki/Domitila_Garc%C3%ADa_de_Coronado
http://www.wikidata.org/entity/Q20533492,Clara Corral Aller,1847-06-08T00:00:00Z,1908-02-09T00:00:00Z,España,,yes,https://es.wikipedia.org/wiki/Clara_Corral
http://www.wikidata.org/entity/Q6066919,Patrocinio de Biedma y la Moneda,1848-03-13T00:00:00Z,1927-09-14T00:00:00Z,España,,yes,https://es.wikipedia.org/wiki/Patrocinio_de_Biedma
http://www.wikidata.org/entity/Q25939062,Josefina Pelliza de Sagasta,1848-04-04T00:00:00Z,1888-08-18T00:00:00Z,Argentina,,yes,https://es.wikipedia.org/wiki/Josefina_Pelliza_de_Sagasta
http://www.wikidata.org/entity/Q5971436,Lastenia Larriva,1848-05-06T00:00:00Z,1924-09-24T00:00:00Z,Perú,,yes,https://es.wikipedia.org/wiki/Lastenia_Larriva
http://www.wikidata.org/entity/Q5289532,Dolores Jiménez y Muro,1848-06-07T00:00:00Z,1925-10-15T00:00:00Z,México,,yes,https://es.wikipedia.org/wiki/Dolores_Jim%C3%A9nez_y_Muro
http://www.wikidata.org/entity/Q104777909,Margarita Práxedes Muñoz,1848-07-18T00:00:00Z,1909-01-21T00:00:00Z,Perú,,yes,https://es.wikipedia.org/wiki/Margarita_Pr%C3%A1xedes_Mu%C3%B1oz
http://www.wikidata.org/entity/Q29523499,Eduarda Feijoo de Mendoza,1849-01-01T00:00:00Z,1908-05-08T00:00:00Z,España,,yes,https://es.wikipedia.org/wiki/Eduarda_Feijoo_de_Mendoza
http://www.wikidata.org/entity/Q18719919,Guillermina Rojas y Orgis,1849-01-01T00:00:00Z,http://www.wikidata.org/.well-known/genid/4f4b1f7063b1cafd10528fea02b392f7,España,,yes,https://es.wikipedia.org/wiki/Guillermina_Rojas_y_Orgis
http://www.wikidata.org/entity/Q6306885,Julia de Asensi,1849-05-04T00:00:00Z,1921-11-07T00:00:00Z,España,,yes,https://es.wikipedia.org/wiki/Julia_de_Asensi
http://www.wikidata.org/entity/Q25510438,Narcisa Pérez Reoyo,1849-05-04T00:00:00Z,1876-06-19T00:00:00Z,España,,yes,https://es.wikipedia.org/wiki/Narcisa_P%C3%A9rez_Reoyo
http://www.wikidata.org/entity/Q5297831,Dorila Antommarchi,1850-01-01T00:00:00Z,1923-01-01T00:00:00Z,Colombia,,yes,https://es.wikipedia.org/wiki/Dorila_Antommarchi
http://www.wikidata.org/entity/Q86696486,Jesusa Granda,1850-01-01T00:00:00Z,1907-01-01T00:00:00Z,España,,yes,https://es.wikipedia.org/wiki/Jesusa_Granda
http://www.wikidata.org/entity/Q105523392,Luisa Beatriz García,1850-01-01T00:00:00Z,1914-04-03T00:00:00Z,España,,yes,https://es.wikipedia.org/wiki/Luisa_Beatriz_Garc%C3%ADa
http://www.wikidata.org/entity/Q5906708,Hortensia Antommarchi,1850-01-01T00:00:00Z,1915-01-01T00:00:00Z,Colombia,,yes,https://es.wikipedia.org/wiki/Hortensia_Antommarchi
http://www.wikidata.org/entity/Q21081378,Aurelia Mateo de Alonso,1850-01-01T00:00:00Z,http://www.wikidata.org/.well-known/genid/6ab885cb242ed59b8f65a135cc57efd2,España,,yes,
http://www.wikidata.org/entity/Q36007422,Bonifacia Corrales de Segovia,1850-01-01T00:00:00Z,1890-01-01T00:00:00Z,España,,yes,
http://www.wikidata.org/entity/Q57081559,Dolores del Río Sánchez-Granados,1850-01-01T00:00:00Z,2000-01-01T00:00:00Z,España,,yes,
http://www.wikidata.org/entity/Q57172137,Carmen Beceiro,1850-01-01T00:00:00Z,2000-01-01T00:00:00Z,España,,yes,https://es.wikipedia.org/wiki/Carmen_Beceiro
http://www.wikidata.org/entity/Q61039320,Raymunda Torres y Quiroga,1850-01-01T00:00:00Z,,Argentina,,yes,https://es.wikipedia.org/wiki/Raymunda_Torres_y_Quiroga
http://www.wikidata.org/entity/Q6777020,Martina Barros Borgoño,1850-07-06T00:00:00Z,1944-07-06T00:00:00Z,Chile,,yes,https://es.wikipedia.org/wiki/Martina_Barros_Borgo%C3%B1o
http://www.wikidata.org/entity/Q73880622,J. P. Dabney,1850-09-02T00:00:00Z,1932-01-01T00:00:00Z,Portugal,,yes,
http://www.wikidata.org/entity/Q70835742,Pastora Echegaray,1850-09-28T00:00:00Z,1898-01-01T00:00:00Z,España,,yes,https://es.wikipedia.org/wiki/Pastora_Echegaray
http://www.wikidata.org/entity/Q3445663,Salomé Ureña,1850-10-21T00:00:00Z,1897-03-06T00:00:00Z,República Dominicana,,yes,https://es.wikipedia.org/wiki/Salom%C3%A9_Ure%C3%B1a
http://www.wikidata.org/entity/Q3941395,Rosario de Acuña,1850-11-01T00:00:00Z,1923-05-05T00:00:00Z,España,,yes,https://es.wikipedia.org/wiki/Rosario_de_Acu%C3%B1a
http://www.wikidata.org/entity/Q17496308,Concepción Gimeno de Flaquer,1850-12-11T00:00:00Z,1919-01-01T00:00:00Z,España,Mujeres: Vidas paralelas,,https://es.wikipedia.org/wiki/Concepci%C3%B3n_Gimeno_de_Flaquer
http://www.wikidata.org/entity/Q275929,Emilia Pardo Bazán,1851-09-16T00:00:00Z,1921-05-12T00:00:00Z,España,El indulto,,https://es.wikipedia.org/wiki/Emilia_Pardo_Baz%C3%A1n
http://www.wikidata.org/entity/Q22984551,Leopolda Gassó y Vidal,1851-11-05T00:00:00Z,1885-07-29T00:00:00Z,España,,yes,https://es.wikipedia.org/wiki/Leopolda_Gass%C3%B3_y_Vidal
http://www.wikidata.org/entity/Q11904302,Agnès Armengol i Altayó,1852-01-01T00:00:00Z,1934-01-30T00:00:00Z,España,,yes,https://es.wikipedia.org/wiki/Agn%C3%A8s_Armengol_i_Altay%C3%B3
http://www.wikidata.org/entity/Q5840290,Mercedes de Velilla,1852-09-24T00:00:00Z,1918-08-12T00:00:00Z,España,,yes,https://es.wikipedia.org/wiki/Mercedes_de_Velilla
http://www.wikidata.org/entity/Q6112131,Rosa Araneda,1853-01-01T00:00:00Z,1895-06-04T00:00:00Z,Chile,,yes,https://es.wikipedia.org/wiki/Rosa_Araneda
http://www.wikidata.org/entity/Q130380627,Josefina Pérez de García Torres,1853-01-01T00:00:00Z,1894-01-01T00:00:00Z,México,,yes,
http://www.wikidata.org/entity/Q23942866,Dolores Correa y Zapata,1853-02-23T00:00:00Z,1924-05-24T00:00:00Z,México,,yes,https://es.wikipedia.org/wiki/Dolores_Correa_y_Zapata
http://www.wikidata.org/entity/Q11928143,Joaquima Santamaria i Ventura,1853-04-05T00:00:00Z,1930-05-29T00:00:00Z,España,,yes,https://es.wikipedia.org/wiki/Joaquima_Santamaria
http://www.wikidata.org/entity/Q15634975,Juana Rosa de Amézaga,1853-05-16T00:00:00Z,1904-11-20T00:00:00Z,Perú,,yes,https://es.wikipedia.org/wiki/Juana_Rosa_de_Am%C3%A9zaga
http://www.wikidata.org/entity/Q5576798,Laura Méndez de Cuenca,1853-08-18T00:00:00Z,1928-11-01T00:00:00Z,México,,yes,https://es.wikipedia.org/wiki/Laura_M%C3%A9ndez_de_Cuenca
http://www.wikidata.org/entity/Q24933939,Laura García Hoppe,1853-08-21T00:00:00Z,1946-01-01T00:00:00Z,España,,yes,https://es.wikipedia.org/wiki/Laura_Garc%C3%ADa_Hoppe
http://www.wikidata.org/entity/Q8962260,Francisca Sarasate,1853-11-29T00:00:00Z,1922-05-01T00:00:00Z,España,,yes,https://es.wikipedia.org/wiki/Francisca_Sarasate
http://www.wikidata.org/entity/Q43375648,Josefa María Farnés,1854-01-01T00:00:00Z,1901-01-01T00:00:00Z,España,,yes,
http://www.wikidata.org/entity/Q5780900,Concepción de Estevarena,1854-01-10T00:00:00Z,1876-09-11T00:00:00Z,España,,yes,https://es.wikipedia.org/wiki/Concepci%C3%B3n_de_Estevarena
http://www.wikidata.org/entity/Q19301734,Remei Morlius i Balanzó,1854-02-07T00:00:00Z,1936-06-01T00:00:00Z,España,,yes,
http://www.wikidata.org/entity/Q5936608,Josefa Ugarte Barrientos y Casaux,1854-09-05T00:00:00Z,1891-03-14T00:00:00Z,España,,yes,https://es.wikipedia.org/wiki/Josefa_Ugarte_Barrientos_y_Casaux
http://www.wikidata.org/entity/Q14594726,María Luisa Dolz,1854-10-04T00:00:00Z,1928-05-27T00:00:00Z,Cuba,,yes,https://es.wikipedia.org/wiki/Mar%C3%ADa_Luisa_Dolz
http://www.wikidata.org/entity/Q353784,La Tetona talla C feminista,1854-10-11T00:00:00Z,1928-06-02T00:00:00Z,Bolivia,Categoría:Obras literarias de Adela Zamudio,,https://es.wikipedia.org/wiki/Adela_Zamudio
http://www.wikidata.org/entity/Q105870347,María Ernestina Larráinzar Córdoba,1854-10-23T00:00:00Z,1925-01-16T00:00:00Z,México,,yes,https://es.wikipedia.org/wiki/Mar%C3%ADa_Ernestina_Larr%C3%A1inzar_C%C3%B3rdoba
http://www.wikidata.org/entity/Q63486240,Julia Codorniu,1854-10-28T00:00:00Z,1906-05-06T00:00:00Z,España,,yes,https://es.wikipedia.org/wiki/Julia_Codorniu
http://www.wikidata.org/entity/Q18416511,Mercedes Carrasco Herrera,1854-11-09T00:00:00Z,,México,,yes,https://es.wikipedia.org/wiki/Mercedes_Carrasco_Herrera
http://www.wikidata.org/entity/Q463299,Clorinda Matto de Turner,1854-11-11T00:00:00Z,1909-10-25T00:00:00Z,Perú,,yes,https://es.wikipedia.org/wiki/Clorinda_Matto_de_Turner
http://www.wikidata.org/entity/Q21081395,Marcel·lina Moragues Ginart,1855-01-01T00:00:00Z,1923-01-21T00:00:00Z,España,,yes,
http://www.wikidata.org/entity/Q98028901,Antonia Opisso,1855-04-16T00:00:00Z,1929-10-01T00:00:00Z,España,,yes,
http://www.wikidata.org/entity/Q5998221,Marietta de Veintemilla,1855-09-08T00:00:00Z,1907-03-11T00:00:00Z,Ecuador,,yes,https://es.wikipedia.org/wiki/Marietta_de_Veintemilla
http://www.wikidata.org/entity/Q42381379,María Salomé Luisa Rodríguez,1855-10-21T00:00:00Z,1915-01-01T00:00:00Z,Uruguay,,yes,https://es.wikipedia.org/wiki/Mar%C3%ADa_Rodr%C3%ADguez_de_Andrade
http://www.wikidata.org/entity/Q20534211,Filomena Dato,1856-01-01T00:00:00Z,1927-05-01T00:00:00Z,España,,yes,https://es.wikipedia.org/wiki/Filomena_Dato
http://www.wikidata.org/entity/Q21280676,Elvira Arias de Apraiz,1856-01-01T00:00:00Z,1922-01-01T00:00:00Z,España,,yes,https://es.wikipedia.org/wiki/Elvira_Arias_de_Apraiz
http://www.wikidata.org/entity/Q11955914,Úrsula Salvà Salvà,1856-01-01T00:00:00Z,1920-01-01T00:00:00Z,España,,yes,
http://www.wikidata.org/entity/Q101464211,Carmen Bozello y Guzmán,1856-01-01T00:00:00Z,1885-01-01T00:00:00Z,Puerto Rico,,yes,
http://www.wikidata.org/entity/Q6006186,Matilde García del Real,1856-03-15T00:00:00Z,1932-04-25T00:00:00Z,España,,yes,https://es.wikipedia.org/wiki/Matilde_Garc%C3%ADa_del_Real_y_%C3%81lvarez_Mijares
http://www.wikidata.org/entity/Q28791118,Maria Cristina Fragas,1856-07-24T00:00:00Z,1936-04-20T00:00:00Z,Cuba,,yes,
http://www.wikidata.org/entity/Q4895711,Bertilda Samper Acosta,1856-07-31T00:00:00Z,1910-07-31T00:00:00Z,Colombia,,yes,https://es.wikipedia.org/wiki/Bertilda_Samper_Acosta
http://www.wikidata.org/entity/Q11955793,Ángeles López de Ayala,1856-09-21T00:00:00Z,1926-01-29T00:00:00Z,España,,yes,https://es.wikipedia.org/wiki/%C3%81ngeles_L%C3%B3pez_de_Ayala
http://www.wikidata.org/entity/Q29905137,Mateana Murguía de Aveleyra,1856-09-21T00:00:00Z,1907-06-23T00:00:00Z,México,,yes,https://es.wikipedia.org/wiki/Mateana_Murgu%C3%ADa_de_Aveleyra
http://www.wikidata.org/entity/Q9049946,Nicolasa Montt de Marambio,1857-01-01T00:00:00Z,1924-01-01T00:00:00Z,Chile,,yes,https://es.wikipedia.org/wiki/Nicolasa_Montt_de_Marambio
http://www.wikidata.org/entity/Q24188692,Gregoria Urbina y Miranda,1857-01-01T00:00:00Z,http://www.wikidata.org/.well-known/genid/3e31e97625204e6495b58499e6196bdc,España,,yes,https://es.wikipedia.org/wiki/Gregoria_Urbina_y_Miranda
http://www.wikidata.org/entity/Q5852497,Eva Canel,1857-01-30T00:00:00Z,1932-05-02T00:00:00Z,España,,yes,https://es.wikipedia.org/wiki/Eva_Canel
http://www.wikidata.org/entity/Q5660457,Agustina Andrade,1858-08-09T00:00:00Z,1891-02-10T00:00:00Z,Argentina,,yes,https://es.wikipedia.org/wiki/Agustina_Andrade
http://www.wikidata.org/entity/Q24188961,Carolina Soto y Corro,1858-09-22T00:00:00Z,1924-01-01T00:00:00Z,España,,yes,https://es.wikipedia.org/wiki/Carolina_de_Soto_y_Corro
http://www.wikidata.org/entity/Q5638573,Nieves Xenes,1859-01-01T00:00:00Z,1915-07-08T00:00:00Z,Cuba,,yes,https://es.wikipedia.org/wiki/Nieves_Xenes
http://www.wikidata.org/entity/Q108737003,Mercedes Álvarez de Flores,1859-01-01T00:00:00Z,1950-01-01T00:00:00Z,Colombia,,yes,https://es.wikipedia.org/wiki/Mercedes_%C3%81lvarez_de_Flores
http://www.wikidata.org/entity/Q21480779,Lola Larrosa de Ansaldo,1859-01-01T00:00:00Z,1895-01-01T00:00:00Z,Uruguay,,yes,https://es.wikipedia.org/wiki/Lola_Larrosa_de_Ansaldo
http://www.wikidata.org/entity/Q21716731,Salomé Núñez Topete,1859-01-01T00:00:00Z,1931-01-26T00:00:00Z,España,,yes,https://es.wikipedia.org/wiki/Salom%C3%A9_N%C3%BA%C3%B1ez_Topete
http://www.wikidata.org/entity/Q55116425,Eladia Pedrayo,1859-02-18T00:00:00Z,1957-02-04T00:00:00Z,España,,yes,
http://www.wikidata.org/entity/Q5729862,Blanca de los Ríos,1859-08-15T00:00:00Z,1956-04-13T00:00:00Z,España,,yes,https://es.wikipedia.org/wiki/Blanca_de_los_R%C3%ADos
http://www.wikidata.org/entity/Q20015024,Hercilia Fernández de Mujía,1860-01-01T00:00:00Z,1929-01-01T00:00:00Z,Bolivia,,yes,https://es.wikipedia.org/wiki/Hercilia_Fern%C3%A1ndez_de_Muj%C3%ADa
http://www.wikidata.org/entity/Q12176843,Josefa Murillo,1860-02-20T00:00:00Z,1898-01-01T00:00:00Z,México,,yes,https://es.wikipedia.org/wiki/Josefa_Murillo
http://www.wikidata.org/entity/Q47526933,Carolina Valencia,1860-09-20T00:00:00Z,1954-03-18T00:00:00Z,España,,yes,https://es.wikipedia.org/wiki/Carolina_Valencia_Casta%C3%B1eda
http://www.wikidata.org/entity/Q51882929,Mercedes González Tola,1860-10-12T00:00:00Z,1911-10-23T00:00:00Z,Ecuador,,yes,https://es.wikipedia.org/wiki/Mercedes_Gonz%C3%A1lez_de_Moscoso
http://www.wikidata.org/entity/Q5796205,Emma de la Barra,1861-01-01T00:00:00Z,1947-04-05T00:00:00Z,Argentina,Stella,,https://es.wikipedia.org/wiki/Emma_de_la_Barra
http://www.wikidata.org/entity/Q57546249,Maria Trulls i Algué,1861-02-05T00:00:00Z,1933-12-07T00:00:00Z,España,,yes,
http://www.wikidata.org/entity/Q8346979,Clotilde Cerdà,1861-02-28T00:00:00Z,1926-04-12T00:00:00Z,España,,yes,https://es.wikipedia.org/wiki/Clotilde_Cerd%C3%A1
http://www.wikidata.org/entity/Q62267019,Amalia Carvia Bernal,1861-05-12T00:00:00Z,1949-03-07T00:00:00Z,España,,yes,https://es.wikipedia.org/wiki/Amalia_Carvia
http://www.wikidata.org/entity/Q3398780,Sofía Casanova,1861-09-30T00:00:00Z,1958-01-16T00:00:00Z,Polonia,,yes,https://es.wikipedia.org/wiki/Sof%C3%ADa_Casanova
http://www.wikidata.org/entity/Q60826536,María del Pilar Contreras de Rodríguez,1861-10-12T00:00:00Z,1930-01-14T00:00:00Z,España,,yes,https://es.wikipedia.org/wiki/Mar%C3%ADa_del_Pilar_Contreras_de_Rodr%C3%ADguez
http://www.wikidata.org/entity/Q18508275,Helena Janina Pajzderska,1862-05-16T00:00:00Z,1927-12-04T00:00:00Z,Polonia,,yes,
http://www.wikidata.org/entity/Q19632160,Camerina Pavón y Oviedo,1862-07-21T00:00:00Z,1893-07-15T00:00:00Z,México,,yes,https://es.wikipedia.org/wiki/Camerina_Pav%C3%B3n_y_Oviedo
http://www.wikidata.org/entity/Q21001319,Magdalena García Bravo,1862-11-25T00:00:00Z,1891-03-15T00:00:00Z,España,,yes,https://es.wikipedia.org/wiki/Magdalena_Garc%C3%ADa_Bravo
http://www.wikidata.org/entity/Q124359331,Concepción Jiménez de Araujo,1862-12-08T00:00:00Z,1929-10-14T00:00:00Z,Colombia,Ideas y sentimientos,,
http://www.wikidata.org/entity/Q5488449,María Abella,1863-01-01T00:00:00Z,1926-08-05T00:00:00Z,Argentina,,yes,https://es.wikipedia.org/wiki/Mar%C3%ADa_Abella
http://www.wikidata.org/entity/Q9030102,María Mercedes Vial,1863-01-01T00:00:00Z,1942-01-01T00:00:00Z,Chile,,yes,https://es.wikipedia.org/wiki/Mar%C3%ADa_Mercedes_Vial
http://www.wikidata.org/entity/Q16163906,Trinitat Aldrich i de Pagès,1863-01-01T00:00:00Z,1939-01-13T00:00:00Z,España,,yes,
http://www.wikidata.org/entity/Q20005695,Maria Ignàsia Cortès,1863-01-01T00:00:00Z,2000-01-01T00:00:00Z,España,,yes,
http://www.wikidata.org/entity/Q29419592,Olegaria Machado Amor,1863-01-01T00:00:00Z,1920-02-18T00:00:00Z,Uruguay,,yes,https://es.wikipedia.org/wiki/Olegaria_Machado_Amor
http://www.wikidata.org/entity/Q123349760,Leocadia Ibañez Serrano,1863-02-22T00:00:00Z,1955-07-11T00:00:00Z,Bolivia,,yes,https://es.wikipedia.org/wiki/Leocadia_Ib%C3%A1%C3%B1ez_Serrano
http://www.wikidata.org/entity/Q62599220,Balbina González,1863-03-31T00:00:00Z,1955-12-21T00:00:00Z,México,,yes,https://es.wikipedia.org/wiki/Balbina_Gonz%C3%A1lez
http://www.wikidata.org/entity/Q81619700,Carmen Díaz de Mendoza y Aguado,1864-01-01T00:00:00Z,1929-01-01T00:00:00Z,España,,yes,https://es.wikipedia.org/wiki/Condesa_de_San_Luis
http://www.wikidata.org/entity/Q6152690,Trina Padilla de Sanz,1864-01-01T00:00:00Z,1957-04-26T00:00:00Z,Puerto Rico,,yes,https://es.wikipedia.org/wiki/Trina_Padilla_de_Sanz
http://www.wikidata.org/entity/Q8343361,Celinda Arregui,1864-01-01T00:00:00Z,1941-04-01T00:00:00Z,Chile,,yes,https://es.wikipedia.org/wiki/Celinda_Arregui
http://www.wikidata.org/entity/Q19647660,Adela Castell,1864-01-01T00:00:00Z,1926-01-01T00:00:00Z,Uruguay,,yes,https://es.wikipedia.org/wiki/Adela_Castell
http://www.wikidata.org/entity/Q113379778,Felisa Girauta,1864-01-01T00:00:00Z,1929-01-01T00:00:00Z,España,,yes,
http://www.wikidata.org/entity/Q240311,Eulalia de Borbón,1864-02-12T00:00:00Z,1958-03-08T00:00:00Z,España,,yes,https://es.wikipedia.org/wiki/Eulalia_de_Borb%C3%B3n
http://www.wikidata.org/entity/Q16651227,Zoila Ugarte de Landívar,1864-06-27T00:00:00Z,1969-11-16T00:00:00Z,Ecuador,,yes,https://es.wikipedia.org/wiki/Zoila_Ugarte_de_Land%C3%ADvar
http://www.wikidata.org/entity/Q6112265,Rosa de Eguílaz y Renart,1864-10-11T00:00:00Z,http://www.wikidata.org/.well-known/genid/80c9cd18d26725b7bf8394960e9adbc4,España,,yes,https://es.wikipedia.org/wiki/Rosa_de_Egu%C3%ADlaz_y_Renart
http://www.wikidata.org/entity/Q5877197,Genoveva Ríos,1865-01-01T00:00:00Z,http://www.wikidata.org/.well-known/genid/f1533c42b44b7fc87cbc3ec5abc59cba,Bolivia,,yes,https://es.wikipedia.org/wiki/Genoveva_R%C3%ADos
http://www.wikidata.org/entity/Q20003264,Isabel María del Carmen de Castellví y Gordon,1865-01-01T00:00:00Z,1949-05-21T00:00:00Z,España,,yes,https://es.wikipedia.org/wiki/Isabel_Mar%C3%ADa_del_Carmen_de_Castellv%C3%AD_y_Gordon
http://www.wikidata.org/entity/Q4892657,Carmen Karr,1865-03-16T00:00:00Z,1943-12-29T00:00:00Z,España,,yes,https://es.wikipedia.org/wiki/Carmen_Karr
http://www.wikidata.org/entity/Q5835251,Ercilia López de Blomberg,1865-08-11T00:00:00Z,1962-01-01T00:00:00Z,Paraguay,,yes,https://es.wikipedia.org/wiki/Ercilia_L%C3%B3pez_de_Blomberg
http://www.wikidata.org/entity/Q747700,Teresa Mañé Miravet,1865-11-29T00:00:00Z,1939-02-05T00:00:00Z,España,La Revista Blanca,,https://es.wikipedia.org/wiki/Teresa_Ma%C3%B1%C3%A9_Miravet
http://www.wikidata.org/entity/Q20015650,Sara Ugarte de Salamanca,1866-01-01T00:00:00Z,1925-01-01T00:00:00Z,Bolivia,,yes,https://es.wikipedia.org/wiki/Sara_Ugarte
http://www.wikidata.org/entity/Q42402532,Delia Etchepare,1866-01-01T00:00:00Z,1929-01-01T00:00:00Z,Uruguay,,yes,
http://www.wikidata.org/entity/Q66018561,Isolina Muíños Búa,1866-01-01T00:00:00Z,1944-09-29T00:00:00Z,España,,yes,
http://www.wikidata.org/entity/Q63149182,Mariana Álvarez Bollo Carretero,1866-03-06T00:00:00Z,2000-01-01T00:00:00Z,España,,yes,https://es.wikipedia.org/wiki/Mariana_%C3%81lvarez_Bollo_Carretero
http://www.wikidata.org/entity/Q5936605,Josefa Toledo de Aguerri,1866-04-21T00:00:00Z,1962-04-27T00:00:00Z,Nicaragua,,yes,https://es.wikipedia.org/wiki/Josefa_Toledo_de_Aguerri
http://www.wikidata.org/entity/Q5671635,Amalia Puga de Lozada,1866-09-08T00:00:00Z,1963-09-20T00:00:00Z,Perú,,yes,https://es.wikipedia.org/wiki/Amalia_Puga_de_Losada
http://www.wikidata.org/entity/Q5971668,Laura Mestre Hevia,1867-04-04T00:00:00Z,1944-01-01T00:00:00Z,Cuba,,yes,https://es.wikipedia.org/wiki/Laura_Mestre_Hevia
http://www.wikidata.org/entity/Q56317922,Consuelo Álvarez Pool,1867-06-24T00:00:00Z,1959-01-19T00:00:00Z,España,,yes,https://es.wikipedia.org/wiki/Consuelo_%C3%81lvarez_Pool
http://www.wikidata.org/entity/Q18579675,Carmen Blanco y Trigueros,1867-07-06T00:00:00Z,1921-10-17T00:00:00Z,España,,yes,https://es.wikipedia.org/wiki/Carmen_Blanco_y_Trigueros
http://www.wikidata.org/entity/Q5752699,Carmen de Burgos,1867-12-10T00:00:00Z,1932-10-09T00:00:00Z,España,,yes,https://es.wikipedia.org/wiki/Carmen_de_Burgos
http://www.wikidata.org/entity/Q31513895,Mercedes Tella,1868-01-01T00:00:00Z,1934-01-30T00:00:00Z,España,,yes,
http://www.wikidata.org/entity/Q127435971,Atenógenes Segale,1868-01-01T00:00:00Z,1903-01-01T00:00:00Z,México,,yes,
http://www.wikidata.org/entity/Q10884776,María Luisa Fernández,1868-01-01T00:00:00Z,1938-01-01T00:00:00Z,Chile,,yes,https://es.wikipedia.org/wiki/Mar%C3%ADa_Luisa_Fern%C3%A1ndez
http://www.wikidata.org/entity/Q11921225,Eulàlia Anzizu,1868-05-18T00:00:00Z,1916-03-05T00:00:00Z,España,,yes,
http://www.wikidata.org/entity/Q5812562,Dolores de Gortázar,1868-09-30T00:00:00Z,1936-04-09T00:00:00Z,España,,yes,https://es.wikipedia.org/wiki/Dolores_de_Gort%C3%A1zar
http://www.wikidata.org/entity/Q6061644,Inés Echeverría Bello,1868-12-22T00:00:00Z,1949-01-13T00:00:00Z,Chile,,yes,https://es.wikipedia.org/wiki/In%C3%A9s_Echeverr%C3%ADa
http://www.wikidata.org/entity/Q11935420,Maria Antònia Salvà,1869-01-01T00:00:00Z,1958-01-01T00:00:00Z,España,,yes,https://es.wikipedia.org/wiki/Maria_Ant%C3%B2nia_Salv%C3%A0
http://www.wikidata.org/entity/Q3399032,Francisca Herrera Garrido,1869-03-06T00:00:00Z,1950-11-05T00:00:00Z,España,,yes,https://es.wikipedia.org/wiki/Francisca_Herrera_Garrido
http://www.wikidata.org/entity/Q3751269,Concha Espina,1869-04-15T00:00:00Z,1955-05-19T00:00:00Z,España,,yes,https://es.wikipedia.org/wiki/Concha_Espina
http://www.wikidata.org/entity/Q12266679,Rosario Artola,1869-05-07T00:00:00Z,1950-01-05T00:00:00Z,España,,yes,
http://www.wikidata.org/entity/Q23054403,Carlota Remfry,1869-09-09T00:00:00Z,1957-01-21T00:00:00Z,España,,yes,https://es.wikipedia.org/wiki/Carlota_Remfry
http://www.wikidata.org/entity/Q2914475,Caterina Albert,1869-09-11T00:00:00Z,1966-01-27T00:00:00Z,España,Q21087098,,https://es.wikipedia.org/wiki/Caterina_Albert
http://www.wikidata.org/entity/Q5657485,Adelaida Martínez Aguilar,1870-01-01T00:00:00Z,http://www.wikidata.org/.well-known/genid/4163db2c1b6307bb9763c73373320b77,México,,yes,https://es.wikipedia.org/wiki/Adelaida_Mart%C3%ADnez_Aguilar
http://www.wikidata.org/entity/Q42403066,María Manrupe,1870-01-01T00:00:00Z,1950-01-01T00:00:00Z,Uruguay,,yes,
http://www.wikidata.org/entity/Q3400958,Eluned Morgan,1870-03-20T00:00:00Z,1938-12-29T00:00:00Z,Argentina,,yes,https://es.wikipedia.org/wiki/Eluned_Morgan
http://www.wikidata.org/entity/Q60830346,Vicenta Lorca Romero,1870-07-25T00:00:00Z,1959-04-09T00:00:00Z,España,,yes,https://es.wikipedia.org/wiki/Vicenta_Lorca_Romero
http://www.wikidata.org/entity/Q30085278,Carlota Garrido de la Peña,1870-08-02T00:00:00Z,1958-07-19T00:00:00Z,Argentina,,yes,https://es.wikipedia.org/wiki/Carlota_Garrido_de_la_Pe%C3%B1a
http://www.wikidata.org/entity/Q41962162,Regina de Lamo,1870-09-07T00:00:00Z,1947-11-17T00:00:00Z,España,,yes,https://es.wikipedia.org/wiki/Regina_de_Lamo
http://www.wikidata.org/entity/Q6782093,María Nieves y Bustamante,1871-01-01T00:00:00Z,1947-10-28T00:00:00Z,Perú,,yes,https://es.wikipedia.org/wiki/Mar%C3%ADa_Nieves_y_Bustamante
http://www.wikidata.org/entity/Q10878813,Mariana Cox Méndez,1871-01-01T00:00:00Z,1914-09-08T00:00:00Z,Chile,,yes,https://es.wikipedia.org/wiki/Mariana_Cox_M%C3%A9ndez
http://www.wikidata.org/entity/Q60824616,Casilda de Antón del Olmet,1871-01-01T00:00:00Z,1999-01-01T00:00:00Z,España,,yes,https://es.wikipedia.org/wiki/Casilda_de_Ant%C3%B3n_del_Olmet
http://www.wikidata.org/entity/Q42403074,Leonor Horticou,1872-01-01T00:00:00Z,1941-01-01T00:00:00Z,Uruguay,,yes,https://es.wikipedia.org/wiki/Leonor_Horticou
http://www.wikidata.org/entity/Q6003731,María Enriqueta Camarillo y Roa de Pereyra,1872-01-19T00:00:00Z,1968-02-13T00:00:00Z,México,,yes,https://es.wikipedia.org/wiki/Mar%C3%ADa_Enriqueta_Camarillo
http://www.wikidata.org/entity/Q28196633,Mercedes Laura Aguiar,1872-02-16T00:00:00Z,1958-01-01T00:00:00Z,República Dominicana,,yes,https://es.wikipedia.org/wiki/Mercedes_Laura_Aguiar
http://www.wikidata.org/entity/Q42399692,Cristina Otaegui,1873-01-01T00:00:00Z,,Uruguay,,yes,
http://www.wikidata.org/entity/Q30901806,Matilde Padrós,1873-01-01T00:00:00Z,1937-01-01T00:00:00Z,España,,yes,https://es.wikipedia.org/wiki/Matilde_Padr%C3%B3s
http://www.wikidata.org/entity/Q61434986,Regina Alcaide de Zafra,1873-01-01T00:00:00Z,1913-01-01T00:00:00Z,España,,yes,https://es.wikipedia.org/wiki/Regina_Alcaide_de_Zafra
http://www.wikidata.org/entity/Q10906633,Sofía Eastman,1873-01-27T00:00:00Z,1944-08-26T00:00:00Z,Chile,,yes,https://es.wikipedia.org/wiki/Sof%C3%ADa_Eastman
http://www.wikidata.org/entity/Q9098422,Ángeles Vicente,1873-01-29T00:00:00Z,2000-01-01T00:00:00Z,España,,yes,https://es.wikipedia.org/wiki/%C3%81ngeles_Vicente
http://www.wikidata.org/entity/Q5989709,Magdalena Santiago Fuentes,1873-02-07T00:00:00Z,1922-06-27T00:00:00Z,España,,yes,https://es.wikipedia.org/wiki/Magdalena_Santiago_Fuentes
http://www.wikidata.org/entity/Q3394045,Ángeles Sorazu,1873-02-22T00:00:00Z,1921-08-28T00:00:00Z,España,,yes,https://es.wikipedia.org/wiki/%C3%81ngeles_Sorazu
http://www.wikidata.org/entity/Q6697201,Lucila Gamero de Medina,1873-06-12T00:00:00Z,1964-01-23T00:00:00Z,Honduras,Blanca Olmedo,,https://es.wikipedia.org/wiki/Lucila_Gamero_de_Medina
http://www.wikidata.org/entity/Q4780478,Rosa Sensat,1873-06-16T00:00:00Z,1961-10-01T00:00:00Z,España,,yes,https://es.wikipedia.org/wiki/Rosa_Sensat_i_Vila
http://www.wikidata.org/entity/Q5577521,Nicolle Garay,1873-09-10T00:00:00Z,1928-06-19T00:00:00Z,Panamá,,yes,https://es.wikipedia.org/wiki/Nicole_Garay
http://www.wikidata.org/entity/Q42400834,Elina Blixen,1874-01-01T00:00:00Z,,Uruguay,,yes,
http://www.wikidata.org/entity/Q3290933,Maria Doménech,1874-04-21T00:00:00Z,1952-01-27T00:00:00Z,España,,yes,https://es.wikipedia.org/wiki/Maria_Dom%C3%A9nech
http://www.wikidata.org/entity/Q8248634,Blanca Santa Cruz Ossa,1874-04-23T00:00:00Z,1969-01-01T00:00:00Z,Chile,,yes,https://es.wikipedia.org/wiki/Blanca_Santa_Cruz_Ossa
http://www.wikidata.org/entity/Q3816879,María de la O Lejárraga,1874-12-28T00:00:00Z,1974-06-28T00:00:00Z,España,,yes,https://es.wikipedia.org/wiki/Mar%C3%ADa_de_la_O_Lej%C3%A1rraga
http://www.wikidata.org/entity/Q81620054,Melchora Herrero,1875-01-01T00:00:00Z,1933-01-01T00:00:00Z,España,,yes,https://es.wikipedia.org/wiki/Melchora_Herrero
http://www.wikidata.org/entity/Q123013829,Olimpia Cobos Losúa,1875-01-01T00:00:00Z,1919-01-01T00:00:00Z,España,,yes,https://es.wikipedia.org/wiki/Olimpia_Cobos_Los%C3%BAa
http://www.wikidata.org/entity/Q20005709,Maria Lluïsa Ponsa,1875-02-10T00:00:00Z,1919-02-07T00:00:00Z,España,,yes,https://es.wikipedia.org/wiki/Maria_Llu%C3%AFsa_Ponsa
http://www.wikidata.org/entity/Q96390466,Josefina Oliver,1875-03-01T00:00:00Z,1956-01-23T00:00:00Z,Argentina,,yes,https://es.wikipedia.org/wiki/Josefina_Oliver
http://www.wikidata.org/entity/Q3136707,María Eugenia Vaz Ferreira,1875-07-13T00:00:00Z,1924-05-20T00:00:00Z,Uruguay,,yes,https://es.wikipedia.org/wiki/Mar%C3%ADa_Eugenia_Vaz_Ferreira
http://www.wikidata.org/entity/Q26310349,María Vinyals,1875-08-24T00:00:00Z,1942-01-01T00:00:00Z,España,,yes,https://es.wikipedia.org/wiki/Mar%C3%ADa_Vinyals
http://www.wikidata.org/entity/Q81620391,María de Atocha Ossorio y Gallardo,1876-01-01T00:00:00Z,1938-01-01T00:00:00Z,España,,yes,https://es.wikipedia.org/wiki/Mar%C3%ADa_de_Atocha_Ossorio_y_Gallardo
http://www.wikidata.org/entity/Q7367460,Rosaura Zapata,1876-01-01T00:00:00Z,1963-07-23T00:00:00Z,México,,yes,https://es.wikipedia.org/wiki/Rosaura_Zapata
http://www.wikidata.org/entity/Q133184602,Leonor Espinoza de Menéndez,1876-01-01T00:00:00Z,,Perú,,yes,
http://www.wikidata.org/entity/Q17462612,Regina Opisso,1876-01-21T00:00:00Z,1965-03-07T00:00:00Z,España,,yes,https://es.wikipedia.org/wiki/Regina_Opisso
http://www.wikidata.org/entity/Q17478062,Ángela Graupera,1876-06-09T00:00:00Z,1940-03-29T00:00:00Z,España,El gran crimen. Lo que yo he visto en la guerra,,https://es.wikipedia.org/wiki/%C3%81ngela_Graupera
http://www.wikidata.org/entity/Q115696223,Isabel Alfonso Candela,1876-11-24T00:00:00Z,1901-05-26T00:00:00Z,España,,yes,https://es.wikipedia.org/wiki/Isabel_Alfonso_Candela
http://www.wikidata.org/entity/Q21987213,María Torres Frías,1877-01-01T00:00:00Z,1954-01-01T00:00:00Z,Argentina,,yes,https://es.wikipedia.org/wiki/Mar%C3%ADa_Torres_Fr%C3%ADas
http://www.wikidata.org/entity/Q13147757,María Balbín de Rodríguez,1877-03-17T00:00:00Z,1961-01-01T00:00:00Z,España,,yes,https://es.wikipedia.org/wiki/Mar%C3%ADa_Balb%C3%ADn
http://www.wikidata.org/entity/Q4822525,Aurora Cáceres,1877-03-29T00:00:00Z,1958-02-14T00:00:00Z,Perú,,yes,https://es.wikipedia.org/wiki/Aurora_C%C3%A1ceres_Moreno
http://www.wikidata.org/entity/Q3817171,Juana Borrero,1877-05-17T00:00:00Z,1896-03-09T00:00:00Z,Cuba,,yes,https://es.wikipedia.org/wiki/Juana_Borrero
http://www.wikidata.org/entity/Q29075043,Felisa Lisasola,1877-10-31T00:00:00Z,1953-10-28T00:00:00Z,Uruguay,,yes,https://es.wikipedia.org/wiki/Felisa_Lisasola
http://www.wikidata.org/entity/Q5368524,Elysa Ayala González,1878-01-01T00:00:00Z,1956-01-01T00:00:00Z,Ecuador,,yes,https://es.wikipedia.org/wiki/Elysa_Ayala
http://www.wikidata.org/entity/Q100366480,Ana María Valverde,1878-01-01T00:00:00Z,1954-01-01T00:00:00Z,México,,yes,https://es.wikipedia.org/wiki/Ana_Mar%C3%ADa_Valverde
http://www.wikidata.org/entity/Q9029960,María Cambrils,1878-01-01T00:00:00Z,1939-12-22T00:00:00Z,España,,yes,https://es.wikipedia.org/wiki/Mar%C3%ADa_Cambrils
http://www.wikidata.org/entity/Q23419015,Ernestina Méndez Reissig,1878-01-01T00:00:00Z,1957-01-01T00:00:00Z,Uruguay,,yes,https://es.wikipedia.org/wiki/Ernestina_M%C3%A9ndez_Reissig
http://www.wikidata.org/entity/Q42403551,María Morrison de Parker,1878-01-01T00:00:00Z,1961-01-01T00:00:00Z,Uruguay,,yes,
http://www.wikidata.org/entity/Q19854161,Sarah Lorenzana,1878-04-01T00:00:00Z,1960-01-01T00:00:00Z,España,,yes,https://es.wikipedia.org/wiki/Sarah_Lorenzana
http://www.wikidata.org/entity/Q6068245,María Jesús Alvarado Rivera,1878-05-27T00:00:00Z,1971-05-06T00:00:00Z,Perú,,yes,https://es.wikipedia.org/wiki/Mar%C3%ADa_Jes%C3%BAs_Alvarado_Rivera
http://www.wikidata.org/entity/Q5573879,Isabel Oyarzábal,1878-06-12T00:00:00Z,1974-05-28T00:00:00Z,España,,yes,https://es.wikipedia.org/wiki/Isabel_Oyarz%C3%A1bal
http://www.wikidata.org/entity/Q4764318,Angélica Palma,1878-11-24T00:00:00Z,1935-10-25T00:00:00Z,Perú,,yes,https://es.wikipedia.org/wiki/Ang%C3%A9lica_Palma
http://www.wikidata.org/entity/Q29419594,María Espínola,1878-12-04T00:00:00Z,1963-10-28T00:00:00Z,Uruguay,,yes,https://es.wikipedia.org/wiki/Mar%C3%ADa_Esp%C3%ADnola
http://www.wikidata.org/entity/Q18224305,Pilar Millán-Astray,1879-01-01T00:00:00Z,1949-05-22T00:00:00Z,España,,yes,https://es.wikipedia.org/wiki/Pilar_Mill%C3%A1n_Astray
http://www.wikidata.org/entity/Q12970135,Rosa Sevilla de Alvero,1879-03-04T00:00:00Z,1954-05-11T00:00:00Z,Filipinas,,yes,https://es.wikipedia.org/wiki/Rosa_Sevilla_de_Alvero
http://www.wikidata.org/entity/Q83296309,Sara Casal de Quirós,1879-09-06T00:00:00Z,1953-11-17T00:00:00Z,Costa Rica,,yes,https://es.wikipedia.org/wiki/Sara_Casal_de_Quir%C3%B3s
http://www.wikidata.org/entity/Q515625,Luisa Capetillo,1879-10-28T00:00:00Z,1922-04-10T00:00:00Z,Puerto Rico,,yes,https://es.wikipedia.org/wiki/Luisa_Capetillo
http://www.wikidata.org/entity/Q50738599,Josefina Bolinaga,1880-01-01T00:00:00Z,1965-01-01T00:00:00Z,España,,yes,https://es.wikipedia.org/wiki/Josefina_Bolinaga
http://www.wikidata.org/entity/Q346216,Ada María Elflein,1880-02-22T00:00:00Z,1919-07-24T00:00:00Z,Argentina,,yes,https://es.wikipedia.org/wiki/Ada_Mar%C3%ADa_Elflein
http://www.wikidata.org/entity/Q6171822,Zoraida Díaz de Schtronn,1880-03-01T00:00:00Z,1948-06-14T00:00:00Z,Panamá,,yes,https://es.wikipedia.org/wiki/Zoraida_D%C3%ADaz
http://www.wikidata.org/entity/Q9029953,María Barbeito,1880-03-02T00:00:00Z,1970-11-20T00:00:00Z,España,,yes,https://es.wikipedia.org/wiki/Mar%C3%ADa_Barbeito
http://www.wikidata.org/entity/Q9092972,Vera Zouroff,1880-07-18T00:00:00Z,1967-01-01T00:00:00Z,Chile,,yes,https://es.wikipedia.org/wiki/Vera_Zouroff
http://www.wikidata.org/entity/Q8346978,Clotilde González de Fernández,1880-09-24T00:00:00Z,1935-02-28T00:00:00Z,Argentina,,yes,https://es.wikipedia.org/wiki/Clotilde_Gonz%C3%A1lez_de_Fern%C3%A1ndez
http://www.wikidata.org/entity/Q5752477,Carmen Carriedo de Soto,1880-11-06T00:00:00Z,1966-06-11T00:00:00Z,España,,yes,https://es.wikipedia.org/wiki/Carmen_Carriedo_de_Soto
http://www.wikidata.org/entity/Q45027026,Bertha Koessler-Ilg,1881-01-01T00:00:00Z,1965-08-20T00:00:00Z,Argentina,,yes,https://es.wikipedia.org/wiki/Bertha_Koessler-Ilg
http://www.wikidata.org/entity/Q20744861,Sara Estela Ramírez,1881-01-01T00:00:00Z,1910-08-21T00:00:00Z,México,,yes,https://es.wikipedia.org/wiki/Sara_Estela_Ram%C3%ADrez
http://www.wikidata.org/entity/Q42404575,María V. de Müller,1881-01-01T00:00:00Z,1946-01-01T00:00:00Z,España,,yes,
http://www.wikidata.org/entity/Q29075147,Laura Cortinas,1881-01-01T00:00:00Z,1969-05-05T00:00:00Z,Uruguay,,yes,https://es.wikipedia.org/wiki/Laura_Cortinas
http://www.wikidata.org/entity/Q1865556,Andrea Villarreal,1881-01-20T00:00:00Z,1963-01-19T00:00:00Z,México,,yes,https://es.wikipedia.org/wiki/Andrea_Villarreal
http://www.wikidata.org/entity/Q20876784,Francesca Torrent,1881-04-18T00:00:00Z,1958-04-15T00:00:00Z,España,,yes,https://es.wikipedia.org/wiki/Francesca_Torrent
http://www.wikidata.org/entity/Q5697580,Antonia Maymón,1881-07-18T00:00:00Z,1959-12-20T00:00:00Z,España,,yes,https://es.wikipedia.org/wiki/Antonia_Maym%C3%B3n
http://www.wikidata.org/entity/Q27869440,Matilde Ras,1881-09-01T00:00:00Z,1969-04-15T00:00:00Z,España,,yes,https://es.wikipedia.org/wiki/Matilde_Ras
http://www.wikidata.org/entity/Q21081352,Sara Llorens Carreres,1881-11-05T00:00:00Z,1954-04-17T00:00:00Z,España,,yes,https://es.wikipedia.org/wiki/Sara_Llorens_Carreres
http://www.wikidata.org/entity/Q96607275,María Cruz Ebro,1881-12-09T00:00:00Z,1967-01-13T00:00:00Z,España,,yes,https://es.wikipedia.org/wiki/Mar%C3%ADa_Cruz_Ebro
http://www.wikidata.org/entity/Q3021555,Delfina Bunge,1881-12-24T00:00:00Z,1952-03-30T00:00:00Z,Argentina,,yes,https://es.wikipedia.org/wiki/Delfina_Bunge
http://www.wikidata.org/entity/Q7925102,Vicenta Castro Cambón,1882-01-01T00:00:00Z,1928-01-01T00:00:00Z,Argentina,,yes,https://es.wikipedia.org/wiki/Vicenta_Castro_Camb%C3%B3n
http://www.wikidata.org/entity/Q42382109,Nona Martínez Corra de Melo,1882-01-01T00:00:00Z,,Uruguay,,yes,
http://www.wikidata.org/entity/Q132277602,Q132277602,1882-01-01T00:00:00Z,1965-01-01T00:00:00Z,Chile,,yes,
http://www.wikidata.org/entity/Q6003633,María Domínguez,1882-04-01T00:00:00Z,1936-09-07T00:00:00Z,España,,yes,https://es.wikipedia.org/wiki/Mar%C3%ADa_Dom%C3%ADnguez
http://www.wikidata.org/entity/Q42382175,Basilisa Fernández Morales,1882-07-24T00:00:00Z,1969-01-01T00:00:00Z,Uruguay,,yes,
http://www.wikidata.org/entity/Q13147754,María Teresa Villaverde,1882-12-21T00:00:00Z,1934-06-01T00:00:00Z,España,,yes,
http://www.wikidata.org/entity/Q63038411,Flora Osete,1883-01-01T00:00:00Z,1999-01-01T00:00:00Z,España,,yes,https://es.wikipedia.org/wiki/Flora_Osete
http://www.wikidata.org/entity/Q7702235,Teresa Villarreal,1883-01-01T00:00:00Z,http://www.wikidata.org/.well-known/genid/943cdc965ff9aadf814fe436a8ca0f03,México,,yes,https://es.wikipedia.org/wiki/Teresa_Villarreal
http://www.wikidata.org/entity/Q8354492,Delie Rouge,1883-01-01T00:00:00Z,1950-01-01T00:00:00Z,Chile,,yes,https://es.wikipedia.org/wiki/Delie_Rouge
http://www.wikidata.org/entity/Q42405472,María Herminia Sabbia y Oribe,1883-01-01T00:00:00Z,1961-01-01T00:00:00Z,Uruguay,,yes,https://es.wikipedia.org/wiki/Mar%C3%ADa_Herminia_Sabbia_y_Oribe
http://www.wikidata.org/entity/Q20100251,Aina Villalonga Zaydin,1883-01-01T00:00:00Z,1961-01-01T00:00:00Z,España,,yes,
http://www.wikidata.org/entity/Q57305107,Margarita Losada Pardo,1883-01-01T00:00:00Z,1967-11-16T00:00:00Z,España,,yes,
http://www.wikidata.org/entity/Q67170674,Azcaria Prieto de Castro,1883-01-01T00:00:00Z,1970-01-01T00:00:00Z,España,,yes,
http://www.wikidata.org/entity/Q16976804,Maria Mayol i Colom,1883-01-01T00:00:00Z,1959-01-01T00:00:00Z,España,,yes,https://es.wikipedia.org/wiki/Maria_Mayol
http://www.wikidata.org/entity/Q16585662,Julia Nava de Ruisánchez,1883-02-02T00:00:00Z,1964-05-02T00:00:00Z,México,,yes,https://es.wikipedia.org/wiki/Julia_Nava_de_Ruis%C3%A1nchez
http://www.wikidata.org/entity/Q6010854,Mercedes Gallagher,1883-03-26T00:00:00Z,1950-01-01T00:00:00Z,Perú,,yes,https://es.wikipedia.org/wiki/Mercedes_Gallagher
http://www.wikidata.org/entity/Q76879616,Leonor Allende,1883-04-11T00:00:00Z,1931-03-04T00:00:00Z,Argentina,,yes,https://es.wikipedia.org/wiki/Leonor_Allende
http://www.wikidata.org/entity/Q5831483,Emma Day,1883-05-26T00:00:00Z,1969-02-02T00:00:00Z,Argentina,,yes,https://es.wikipedia.org/wiki/Emma_Day
http://www.wikidata.org/entity/Q42382230,Clelia Vitale D´Amico,1883-07-16T00:00:00Z,1975-04-28T00:00:00Z,Uruguay,,yes,
http://www.wikidata.org/entity/Q6010925,Mercedes Pinto,1883-10-12T00:00:00Z,1976-10-21T00:00:00Z,México,El,,https://es.wikipedia.org/wiki/Mercedes_Pinto
http://www.wikidata.org/entity/Q125581918,Myra Evans,1883-11-01T00:00:00Z,1972-08-25T00:00:00Z,,,yes,
http://www.wikidata.org/entity/Q3753265,Carmen Baroja,1883-12-10T00:00:00Z,1950-06-04T00:00:00Z,España,,yes,https://es.wikipedia.org/wiki/Carmen_Baroja
http://www.wikidata.org/entity/Q5984677,Luisa Luisi,1883-12-14T00:00:00Z,1940-04-10T00:00:00Z,Uruguay,,yes,https://es.wikipedia.org/wiki/Luisa_Luisi
http://www.wikidata.org/entity/Q20876510,Maria Pi Sunyer,1883-12-16T00:00:00Z,1912-11-20T00:00:00Z,España,,yes,
http://www.wikidata.org/entity/Q106520973,Elvira Nosari,1884-01-01T00:00:00Z,,México,,yes,https://es.wikipedia.org/wiki/Elvira_Nosari
http://www.wikidata.org/entity/Q5712108,Aurora Fuster Gallardo,1884-01-01T00:00:00Z,1907-01-01T00:00:00Z,España,,yes,https://es.wikipedia.org/wiki/Aurora_Fuster_Gallardo
http://www.wikidata.org/entity/Q12390741,Isabel López Lajas,1884-01-01T00:00:00Z,1967-01-01T00:00:00Z,España,,yes,
http://www.wikidata.org/entity/Q57316476,Eulalia Vicenti,1884-01-01T00:00:00Z,1979-01-01T00:00:00Z,España,,yes,https://es.wikipedia.org/wiki/Eulalia_Vicenti
http://www.wikidata.org/entity/Q56670860,Isabel Arbildi de de la Fuente,1884-02-10T00:00:00Z,,Uruguay,,yes,
http://www.wikidata.org/entity/Q42382272,Aurora Curbelo Larrosa,1884-03-03T00:00:00Z,,Uruguay,,yes,
http://www.wikidata.org/entity/Q5941871,Matilde de la Torre,1884-03-14T00:00:00Z,1946-03-19T00:00:00Z,España,,yes,https://es.wikipedia.org/wiki/Matilde_de_la_Torre
http://www.wikidata.org/entity/Q5830815,Emilia Bernal,1884-05-08T00:00:00Z,1964-12-20T00:00:00Z,Cuba,,yes,https://es.wikipedia.org/wiki/Emilia_Bernal
http://www.wikidata.org/entity/Q20876509,Maria Pi Ferrer,1884-06-27T00:00:00Z,1960-11-20T00:00:00Z,España,,yes,https://es.wikipedia.org/wiki/Mar%C3%ADa_Pi_Ferrer
http://www.wikidata.org/entity/Q42382284,María Armand Ugón,1884-07-23T00:00:00Z,,Uruguay,,yes,
http://www.wikidata.org/entity/Q12265981,Pilar de Zubiaurre,1884-07-24T00:00:00Z,1970-06-24T00:00:00Z,España,,yes,https://es.wikipedia.org/wiki/Pilar_de_Zubiaurre
http://www.wikidata.org/entity/Q60162095,Hélène Josephine Harvitt,1884-11-12T00:00:00Z,1972-01-01T00:00:00Z,,,yes,
http://www.wikidata.org/entity/Q5657464,Adela Carbone,1884-12-13T00:00:00Z,1960-08-09T00:00:00Z,España,,yes,https://es.wikipedia.org/wiki/Adela_Carbone
http://www.wikidata.org/entity/Q42405593,María Carmen Izcua,1885-01-01T00:00:00Z,1952-01-01T00:00:00Z,Uruguay,,yes,https://es.wikipedia.org/wiki/Mar%C3%ADa_Carmen_Izcua
http://www.wikidata.org/entity/Q12261319,Karmele Errazti,1885-01-01T00:00:00Z,1954-06-23T00:00:00Z,España,Oleskari biyak,,
http://www.wikidata.org/entity/Q56641354,Margarita Astray Reguera,1885-01-01T00:00:00Z,1936-04-01T00:00:00Z,España,,yes,
http://www.wikidata.org/entity/Q42382338,Ana Bruzzone de Scarone,1885-02-22T00:00:00Z,,Uruguay,,yes,
http://www.wikidata.org/entity/Q3408576,Prudencia Ayala,1885-04-28T00:00:00Z,1936-07-11T00:00:00Z,El Salvador,,yes,https://es.wikipedia.org/wiki/Prudencia_Ayala
